Batch,Epoch,LR,MSE,RMSE
50,50,0.01,3015.634140912224,54.10889496012805
