Batch,Epoch,LR,MSE,RMSE
50,50,0.01,1970.7536931531183,43.71015949906974
